# Name,   Type, SubType, Offset,    Size, Flags
# Note: if you have increased the bootloader size, make sure to update the offsets to avoid overlap
# nvs holds both the RainMaker state and the Matter chip-config/chip-counters/fabric data, so it gets
# the whole pre-app window; ota_data and phy_init sit after fctry to leave it contiguous.
nvs,      data, nvs,     0x9000,    0x7000,
ota_0,    app,  ota_0,   0x10000,   0x1F0000,
ota_1,    app,  ota_1,   ,          0x1F0000,
fctry,    data, nvs,     0x3F0000,  0x6000,
ota_data, data, ota,     0x3F6000,  0x2000,
phy_init, data, phy,     0x3F8000,  0x1000,
